Date,Location,Latitude,Longitude,Altitude,T2M,T2MWET,TS,T2M_RANGE,T2M_MAX,T2M_MIN,QV2M,RH2M,PRECTOTCORR,PS,WS10M,WS10M_MAX,WS10M_MIN,WS10M_RANGE,WS50M,WS50M_MAX,WS50M_MIN,WS50M_RANGE
1/4/1981,laxmanpur,27.9,81.9,189,16.03,11.34,14.3,11.23,22.83,11.6,6.29,55.19,0.63,97.64,2.45,4.42,0.81,3.6,3.42,5.38,1.2,4.17
1/4/1981,Bejapur,28.0,81.9,189,16.03,11.34,14.3,11.23,22.83,11.6,6.29,55.19,0.63,97.64,2.45,4.42,0.81,3.6,3.42,5.38,1.2,4.17
1/4/1981,Khakhusm,28.0,82.08,237,16.03,11.34,14.3,11.23,22.83,11.6,6.29,55.19,0.63,97.64,2.45,4.42,0.81,3.6,3.42,5.38,1.2,4.17
1/4/1981,Fattepur,28.02,81.77,182,16.03,11.34,14.3,11.23,22.83,11.6,6.29,55.19,0.63,97.64,2.45,4.42,0.81,3.6,3.42,5.38,1.2,4.17
1/4/1981,Chakiya,28.05,81.45,167,16.54,12.12,14.87,13.11,23.79,10.68,6.59,57.12,0.38,99.54,2.26,4.09,0.74,3.34,3.22,5.05,0.91,4.14
1/4/1981,Nepalgunj,28.05,81.6,188,16.03,11.34,14.3,11.23,22.83,11.6,6.29,55.19,0.63,97.64,2.45,4.42,0.81,3.6,3.42,5.38,1.2,4.17
1/4/1981,Goltakuri,28.05,82.15,856,16.03,11.34,14.3,11.23,22.83,11.6,6.29,55.19,0.63,97.64,2.45,4.42,0.81,3.6,3.42,5.38,1.2,4.17
1/4/1981,jamuni,28.08,81.5,163,16.54,12.12,14.87,13.11,23.79,10.68,6.59,57.12,0.38,99.54,2.26,4.09,0.74,3.34,3.22,5.05,0.91,4.14
1/4/1981,Banke,28.1,81.82,201,16.03,11.34,14.3,11.23,22.83,11.6,6.29,55.19,0.63,97.64,2.45,4.42,0.81,3.6,3.42,5.38,1.2,4.17
1/4/1981,Pauda,28.12,81.43,164,16.54,12.12,14.87,13.11,23.79,10.68,6.59,57.12,0.38,99.54,2.26,4.09,0.74,3.34,3.22,5.05,0.91,4.14
1/4/1981,Udarapur,28.12,81.52,182,16.54,12.12,14.87,13.11,23.79,10.68,6.59,57.12,0.38,99.54,2.26,4.09,0.74,3.34,3.22,5.05,0.91,4.14
1/4/1981,Kanchanpur,28.12,81.92,456,16.03,11.34,14.3,11.23,22.83,11.6,6.29,55.19,0.63,97.64,2.45,4.42,0.81,3.6,3.42,5.38,1.2,4.17
1/4/1981,Laukahi,28.15,81.38,164,16.54,12.12,14.87,13.11,23.79,10.68,6.59,57.12,0.38,99.54,2.26,4.09,0.74,3.34,3.22,5.05,0.91,4.14
1/4/1981,Baijnath Purwa,28.15,81.67,188,16.03,11.34,14.3,11.23,22.83,11.6,6.29,55.19,0.63,97.64,2.45,4.42,0.81,3.6,3.42,5.38,1.2,4.17
1/4/1981,Sorhawa,28.2,81.52,164,16.54,12.12,14.87,13.11,23.79,10.68,6.59,57.12,0.38,99.54,2.26,4.09,0.74,3.34,3.22,5.05,0.91,4.14
1/4/1981,Gulariya,28.22,81.32,189,16.54,12.12,14.87,13.11,23.79,10.68,6.59,57.12,0.38,99.54,2.26,4.09,0.74,3.34,3.22,5.05,0.91,4.14
1/4/1981,Sarpanegarpa,28.22,82.38,1533,13.04,8.69,11.55,10.91,19.88,8.98,5.68,57.81,0.16,92.45,2.48,4.46,0.53,3.92,3.33,5.18,0.8,4.39
1/4/1981,Naubasta,28.23,81.67,188,16.03,11.34,14.3,11.23,22.83,11.6,6.29,55.19,0.63,97.64,2.45,4.42,0.81,3.6,3.42,5.38,1.2,4.17
1/4/1981,Deudakala,28.27,81.45,189,15.38,11.07,13.76,11.99,22.04,10.05,6.41,57.81,0.57,96.73,2.42,4.09,1.29,2.8,3.3,4.82,1.63,3.2
1/4/1981,Kavra,28.27,82.17,1043,10.82,7.37,8.84,9.71,16.62,6.9,5.74,64.0,0.52,88.93,2.18,3.81,0.18,3.64,2.64,3.96,0.33,3.62
1/4/1981,Chhinchu,28.28,81.75,585,10.82,7.37,8.84,9.71,16.62,6.9,5.74,64.0,0.52,88.93,2.18,3.81,0.18,3.64,2.64,3.96,0.33,3.62
1/4/1981,Kalimati Kalche,28.3,81.93,586,10.82,7.37,8.84,9.71,16.62,6.9,5.74,64.0,0.52,88.93,2.18,3.81,0.18,3.64,2.64,3.96,0.33,3.62
1/4/1981,Sinwang,28.3,82.35,1423,5.08,2.39,3.4,10.45,11.51,1.06,4.64,70.69,0.34,80.74,2.1,4.09,0.16,3.92,2.3,3.6,0.38,3.22
1/4/1981,bardiya,28.32,81.42,188,15.38,11.07,13.76,11.99,22.04,10.05,6.41,57.81,0.57,96.73,2.42,4.09,1.29,2.8,3.3,4.82,1.63,3.2
1/4/1981,Bela,28.33,81.27,193,15.38,11.07,13.76,11.99,22.04,10.05,6.41,57.81,0.57,96.73,2.42,4.09,1.29,2.8,3.3,4.82,1.63,3.2
1/4/1981,Kabhrechaur II,28.33,81.78,1100,10.82,7.37,8.84,9.71,16.62,6.9,5.74,64.0,0.52,88.93,2.18,3.81,0.18,3.64,2.64,3.96,0.33,3.62
1/4/1981,Kabhrechaur I,28.35,81.8,1127,10.82,7.37,8.84,9.71,16.62,6.9,5.74,64.0,0.52,88.93,2.18,3.81,0.18,3.64,2.64,3.96,0.33,3.62
1/4/1981,Bardiya NP,28.37,81.55,538,15.38,11.07,13.76,11.99,22.04,10.05,6.41,57.81,0.57,96.73,2.42,4.09,1.29,2.8,3.3,4.82,1.63,3.2
1/4/1981,Lekhpokhara,28.37,82.25,1494,5.08,2.39,3.4,10.45,11.51,1.06,4.64,70.69,0.34,80.74,2.1,4.09,0.16,3.92,2.3,3.6,0.38,3.22
1/4/1981,Salyan,28.4,82.17,1346,10.82,7.37,8.84,9.71,16.62,6.9,5.74,64.0,0.52,88.93,2.18,3.81,0.18,3.64,2.64,3.96,0.33,3.62
1/4/1981,Rajapur,28.42,81.13,189,15.38,11.07,13.76,11.99,22.04,10.05,6.41,57.81,0.57,96.73,2.42,4.09,1.29,2.8,3.3,4.82,1.63,3.2
1/4/1981,Gothi,28.42,81.5,267,15.38,11.07,13.76,11.99,22.04,10.05,6.41,57.81,0.57,96.73,2.42,4.09,1.29,2.8,3.3,4.82,1.63,3.2
1/4/1981,NRASG,28.42,81.75,598,10.82,7.37,8.84,9.71,16.62,6.9,5.74,64.0,0.52,88.93,2.18,3.81,0.18,3.64,2.64,3.96,0.33,3.62
1/4/1981,Vheriganga-6,28.42,81.78,574,10.82,7.37,8.84,9.71,16.62,6.9,5.74,64.0,0.52,88.93,2.18,3.81,0.18,3.64,2.64,3.96,0.33,3.62
1/4/1981,Melelkuna,28.42,81.83,541,10.82,7.37,8.84,9.71,16.62,6.9,5.74,64.0,0.52,88.93,2.18,3.81,0.18,3.64,2.64,3.96,0.33,3.62
1/4/1981,Majhkanda,28.42,82.0,1070,10.82,7.37,8.84,9.71,16.62,6.9,5.74,64.0,0.52,88.93,2.18,3.81,0.18,3.64,2.64,3.96,0.33,3.62
1/4/1981,Bheriganga,28.43,81.73,717,10.82,7.37,8.84,9.71,16.62,6.9,5.74,64.0,0.52,88.93,2.18,3.81,0.18,3.64,2.64,3.96,0.33,3.62
1/4/1981,Jahelre Bazar,28.43,81.8,481,10.82,7.37,8.84,9.71,16.62,6.9,5.74,64.0,0.52,88.93,2.18,3.81,0.18,3.64,2.64,3.96,0.33,3.62
1/4/1981,Kotmala,28.43,82.32,1618,5.08,2.39,3.4,10.45,11.51,1.06,4.64,70.69,0.34,80.74,2.1,4.09,0.16,3.92,2.3,3.6,0.38,3.22
1/4/1981,Raghunagar,28.45,80.9,188,16.91,12.1,15.54,13.08,23.86,10.78,6.47,54.94,0.94,98.72,2.29,4.05,0.68,3.38,3.29,5.16,0.98,4.18
1/4/1981,Narayanpur,28.45,81.07,189,15.38,11.07,13.76,11.99,22.04,10.05,6.41,57.81,0.57,96.73,2.42,4.09,1.29,2.8,3.3,4.82,1.63,3.2
1/4/1981,Meulapur,28.45,81.3,189,15.38,11.07,13.76,11.99,22.04,10.05,6.41,57.81,0.57,96.73,2.42,4.09,1.29,2.8,3.3,4.82,1.63,3.2
1/4/1981,Dhajari Pipal,28.47,82.07,1341,10.82,7.37,8.84,9.71,16.62,6.9,5.74,64.0,0.52,88.93,2.18,3.81,0.18,3.64,2.64,3.96,0.33,3.62
1/4/1981,Tikapur,28.5,81.1,188,15.38,11.07,13.76,11.99,22.04,10.05,6.41,57.81,0.57,96.73,2.42,4.09,1.29,2.8,3.3,4.82,1.63,3.2
1/4/1981,Jimala,28.5,82.2,1602,5.08,2.39,3.4,10.45,11.51,1.06,4.64,70.69,0.34,80.74,2.1,4.09,0.16,3.92,2.3,3.6,0.38,3.22
1/4/1981,Bhajani Trishakti,28.52,80.95,189,15.38,11.07,13.76,11.99,22.04,10.05,6.41,57.81,0.57,96.73,2.42,4.09,1.29,2.8,3.3,4.82,1.63,3.2
1/4/1981,Gola,28.52,81.22,189,15.38,11.07,13.76,11.99,22.04,10.05,6.41,57.81,0.57,96.73,2.42,4.09,1.29,2.8,3.3,4.82,1.63,3.2
1/4/1981,Sattekada,28.52,81.58,1113,10.82,7.37,8.84,9.71,16.62,6.9,5.74,64.0,0.52,88.93,2.18,3.81,0.18,3.64,2.64,3.96,0.33,3.62
1/4/1981,Bheripur,28.52,81.65,426,10.82,7.37,8.84,9.71,16.62,6.9,5.74,64.0,0.52,88.93,2.18,3.81,0.18,3.64,2.64,3.96,0.33,3.62
1/4/1981,Satakhani,28.52,81.73,997,10.82,7.37,8.84,9.71,16.62,6.9,5.74,64.0,0.52,88.93,2.18,3.81,0.18,3.64,2.64,3.96,0.33,3.62
1/4/1981,Chandarichauki,28.53,80.75,189,16.91,12.1,15.54,13.08,23.86,10.78,6.47,54.94,0.94,98.72,2.29,4.05,0.68,3.38,3.29,5.16,0.98,4.18
1/4/1981,Pawera,28.53,80.78,188,16.91,12.1,15.54,13.08,23.86,10.78,6.47,54.94,0.94,98.72,2.29,4.05,0.68,3.38,3.29,5.16,0.98,4.18
1/4/1981,Dhakadam,28.53,82.33,1381,5.08,2.39,3.4,10.45,11.51,1.06,4.64,70.69,0.34,80.74,2.1,4.09,0.16,3.92,2.3,3.6,0.38,3.22
1/4/1981,Guptipur,28.55,81.58,678,10.82,7.37,8.84,9.71,16.62,6.9,5.74,64.0,0.52,88.93,2.18,3.81,0.18,3.64,2.64,3.96,0.33,3.62
1/4/1981,Subhakuna,28.55,81.65,604,10.82,7.37,8.84,9.71,16.62,6.9,5.74,64.0,0.52,88.93,2.18,3.81,0.18,3.64,2.64,3.96,0.33,3.62
1/4/1981,Shree Rastriya Mavi,28.57,80.5,184,16.91,12.1,15.54,13.08,23.86,10.78,6.47,54.94,0.94,98.72,2.29,4.05,0.68,3.38,3.29,5.16,0.98,4.18
1/4/1981,Hasulia,28.57,80.82,189,16.91,12.1,15.54,13.08,23.86,10.78,6.47,54.94,0.94,98.72,2.29,4.05,0.68,3.38,3.29,5.16,0.98,4.18
1/4/1981,Uttarganga,28.57,81.57,662,10.82,7.37,8.84,9.71,16.62,6.9,5.74,64.0,0.52,88.93,2.18,3.81,0.18,3.64,2.64,3.96,0.33,3.62
1/4/1981,Katkuwa,28.57,81.6,654,10.82,7.37,8.84,9.71,16.62,6.9,5.74,64.0,0.52,88.93,2.18,3.81,0.18,3.64,2.64,3.96,0.33,3.62
1/4/1981,Ratu,28.57,81.73,1519,10.82,7.37,8.84,9.71,16.62,6.9,5.74,64.0,0.52,88.93,2.18,3.81,0.18,3.64,2.64,3.96,0.33,3.62
1/4/1981,Bonia,28.58,81.03,189,15.38,11.07,13.76,11.99,22.04,10.05,6.41,57.81,0.57,96.73,2.42,4.09,1.29,2.8,3.3,4.82,1.63,3.2
1/4/1981,Hariharpur,28.58,81.48,682,15.38,11.07,13.76,11.99,22.04,10.05,6.41,57.81,0.57,96.73,2.42,4.09,1.29,2.8,3.3,4.82,1.63,3.2
1/4/1981,Surkhet AIrport ,28.58,81.63,684,10.82,7.37,8.84,9.71,16.62,6.9,5.74,64.0,0.52,88.93,2.18,3.81,0.18,3.64,2.64,3.96,0.33,3.62
1/4/1981,Bame,28.58,82.05,1387,10.82,7.37,8.84,9.71,16.62,6.9,5.74,64.0,0.52,88.93,2.18,3.81,0.18,3.64,2.64,3.96,0.33,3.62
1/4/1981,Kalagaun,28.58,82.2,1101,5.08,2.39,3.4,10.45,11.51,1.06,4.64,70.69,0.34,80.74,2.1,4.09,0.16,3.92,2.3,3.6,0.38,3.22
1/4/1981,Parasan,28.6,80.48,194,16.91,12.1,15.54,13.08,23.86,10.78,6.47,54.94,0.94,98.72,2.29,4.05,0.68,3.38,3.29,5.16,0.98,4.18
1/4/1981,Najota,28.6,80.67,204,16.91,12.1,15.54,13.08,23.86,10.78,6.47,54.94,0.94,98.72,2.29,4.05,0.68,3.38,3.29,5.16,0.98,4.18
1/4/1981,Birendranagar-13,28.6,81.65,799,10.82,7.37,8.84,9.71,16.62,6.9,5.74,64.0,0.52,88.93,2.18,3.81,0.18,3.64,2.64,3.96,0.33,3.62
1/4/1981,Phulwari,28.62,80.68,197,16.91,12.1,15.54,13.08,23.86,10.78,6.47,54.94,0.94,98.72,2.29,4.05,0.68,3.38,3.29,5.16,0.98,4.18
1/4/1981,Pahalmanpur,28.62,80.88,215,16.91,12.1,15.54,13.08,23.86,10.78,6.47,54.94,0.94,98.72,2.29,4.05,0.68,3.38,3.29,5.16,0.98,4.18
1/4/1981,Chhiwang,28.62,82.4,1332,5.08,2.39,3.4,10.45,11.51,1.06,4.64,70.69,0.34,80.74,2.1,4.09,0.16,3.92,2.3,3.6,0.38,3.22
1/4/1981,Teduha,28.63,80.37,194,16.91,12.1,15.54,13.08,23.86,10.78,6.47,54.94,0.94,98.72,2.29,4.05,0.68,3.38,3.29,5.16,0.98,4.18
1/4/1981,Laxmipur,28.63,80.38,194,16.91,12.1,15.54,13.08,23.86,10.78,6.47,54.94,0.94,98.72,2.29,4.05,0.68,3.38,3.29,5.16,0.98,4.18
1/4/1981,Kiratpur,28.63,80.5,194,16.91,12.1,15.54,13.08,23.86,10.78,6.47,54.94,0.94,98.72,2.29,4.05,0.68,3.38,3.29,5.16,0.98,4.18
1/4/1981,Chisapani,28.63,81.27,231,15.38,11.07,13.76,11.99,22.04,10.05,6.41,57.81,0.57,96.73,2.42,4.09,1.29,2.8,3.3,4.82,1.63,3.2
1/4/1981,GaineKanda,28.63,81.33,730,15.38,11.07,13.76,11.99,22.04,10.05,6.41,57.81,0.57,96.73,2.42,4.09,1.29,2.8,3.3,4.82,1.63,3.2
1/4/1981,Dharapani II,28.63,81.57,1345,10.82,7.37,8.84,9.71,16.62,6.9,5.74,64.0,0.52,88.93,2.18,3.81,0.18,3.64,2.64,3.96,0.33,3.62
1/4/1981,Punarbas,28.65,80.47,200,16.91,12.1,15.54,13.08,23.86,10.78,6.47,54.94,0.94,98.72,2.29,4.05,0.68,3.38,3.29,5.16,0.98,4.18
1/4/1981,Taranga,28.65,81.4,558,15.38,11.07,13.76,11.99,22.04,10.05,6.41,57.81,0.57,96.73,2.42,4.09,1.29,2.8,3.3,4.82,1.63,3.2
1/4/1981,Odaaltaal,28.65,81.5,914,15.38,11.07,13.76,11.99,22.04,10.05,6.41,57.81,0.57,96.73,2.42,4.09,1.29,2.8,3.3,4.82,1.63,3.2
1/4/1981,Dharapani I,28.65,81.57,1434,10.82,7.37,8.84,9.71,16.62,6.9,5.74,64.0,0.52,88.93,2.18,3.81,0.18,3.64,2.64,3.96,0.33,3.62
1/4/1981,Lekhfarsa,28.65,81.58,1356,10.82,7.37,8.84,9.71,16.62,6.9,5.74,64.0,0.52,88.93,2.18,3.81,0.18,3.64,2.64,3.96,0.33,3.62
1/4/1981,Gahara,28.65,81.65,1634,10.82,7.37,8.84,9.71,16.62,6.9,5.74,64.0,0.52,88.93,2.18,3.81,0.18,3.64,2.64,3.96,0.33,3.62
1/4/1981,Sema,28.65,81.93,1305,10.82,7.37,8.84,9.71,16.62,6.9,5.74,64.0,0.52,88.93,2.18,3.81,0.18,3.64,2.64,3.96,0.33,3.62
1/4/1981,Bhoor,28.65,82.08,1194,10.82,7.37,8.84,9.71,16.62,6.9,5.74,64.0,0.52,88.93,2.18,3.81,0.18,3.64,2.64,3.96,0.33,3.62
1/4/1981,Kalika,28.67,80.43,204,16.91,12.1,15.54,13.08,23.86,10.78,6.47,54.94,0.94,98.72,2.29,4.05,0.68,3.38,3.29,5.16,0.98,4.18
1/4/1981,Karari Park,28.67,80.67,194,16.91,12.1,15.54,13.08,23.86,10.78,6.47,54.94,0.94,98.72,2.29,4.05,0.68,3.38,3.29,5.16,0.98,4.18
1/4/1981,Dhangad Gaun,28.67,81.55,1211,15.38,11.07,13.76,11.99,22.04,10.05,6.41,57.81,0.57,96.73,2.42,4.09,1.29,2.8,3.3,4.82,1.63,3.2
1/4/1981,piladi,28.67,81.72,1722,10.82,7.37,8.84,9.71,16.62,6.9,5.74,64.0,0.52,88.93,2.18,3.81,0.18,3.64,2.64,3.96,0.33,3.62
1/4/1981,Matela,28.67,81.83,1479,10.82,7.37,8.84,9.71,16.62,6.9,5.74,64.0,0.52,88.93,2.18,3.81,0.18,3.64,2.64,3.96,0.33,3.62
1/4/1981,Purtimkanda,28.67,82.27,1610,5.08,2.39,3.4,10.45,11.51,1.06,4.64,70.69,0.34,80.74,2.1,4.09,0.16,3.92,2.3,3.6,0.38,3.22
1/4/1981,Belauri,28.68,80.35,194,16.91,12.1,15.54,13.08,23.86,10.78,6.47,54.94,0.94,98.72,2.29,4.05,0.68,3.38,3.29,5.16,0.98,4.18
1/4/1981,Baisi Bichawa,28.68,80.48,214,16.91,12.1,15.54,13.08,23.86,10.78,6.47,54.94,0.94,98.72,2.29,4.05,0.68,3.38,3.29,5.16,0.98,4.18
1/4/1981,Dhangadhi funcity,28.68,80.55,203,16.91,12.1,15.54,13.08,23.86,10.78,6.47,54.94,0.94,98.72,2.29,4.05,0.68,3.38,3.29,5.16,0.98,4.18
1/4/1981,Dhangadhi,28.68,80.62,200,16.91,12.1,15.54,13.08,23.86,10.78,6.47,54.94,0.94,98.72,2.29,4.05,0.68,3.38,3.29,5.16,0.98,4.18
1/4/1981,Gurashe Bazar,28.68,81.62,2131,10.82,7.37,8.84,9.71,16.62,6.9,5.74,64.0,0.52,88.93,2.18,3.81,0.18,3.64,2.64,3.96,0.33,3.62
1/4/1981,Bhakunda Ground,28.7,80.4,203,16.91,12.1,15.54,13.08,23.86,10.78,6.47,54.94,0.94,98.72,2.29,4.05,0.68,3.38,3.29,5.16,0.98,4.18
1/4/1981,Badhara,28.7,80.55,199,16.91,12.1,15.54,13.08,23.86,10.78,6.47,54.94,0.94,98.72,2.29,4.05,0.68,3.38,3.29,5.16,0.98,4.18
1/4/1981,Urma,28.7,80.7,220,16.91,12.1,15.54,13.08,23.86,10.78,6.47,54.94,0.94,98.72,2.29,4.05,0.68,3.38,3.29,5.16,0.98,4.18
1/4/1981,Kunathari,28.7,81.48,496,15.38,11.07,13.76,11.99,22.04,10.05,6.41,57.81,0.57,96.73,2.42,4.09,1.29,2.8,3.3,4.82,1.63,3.2
1/4/1981,Boradadi,28.72,80.55,204,16.91,12.1,15.54,13.08,23.86,10.78,6.47,54.94,0.94,98.72,2.29,4.05,0.68,3.38,3.29,5.16,0.98,4.18
1/4/1981,Awal Parajul,28.72,81.75,1296,10.82,7.37,8.84,9.71,16.62,6.9,5.74,64.0,0.52,88.93,2.18,3.81,0.18,3.64,2.64,3.96,0.33,3.62
1/4/1981,Rampur Bilaspur,28.73,80.3,203,17.59,12.6,16.56,12.77,24.3,11.52,6.59,54.31,2.28,99.12,2.08,3.55,0.3,3.25,3.08,5.8,0.43,5.37
1/4/1981,Ram Mandir,28.73,80.53,204,16.91,12.1,15.54,13.08,23.86,10.78,6.47,54.94,0.94,98.72,2.29,4.05,0.68,3.38,3.29,5.16,0.98,4.18
1/4/1981,Saule,28.73,81.52,1207,15.38,11.07,13.76,11.99,22.04,10.05,6.41,57.81,0.57,96.73,2.42,4.09,1.29,2.8,3.3,4.82,1.63,3.2
1/4/1981,Dasera,28.73,81.98,1177,10.82,7.37,8.84,9.71,16.62,6.9,5.74,64.0,0.52,88.93,2.18,3.81,0.18,3.64,2.64,3.96,0.33,3.62
1/4/1981,Khalanga,28.73,82.18,1395,10.82,7.37,8.84,9.71,16.62,6.9,5.74,64.0,0.52,88.93,2.18,3.81,0.18,3.64,2.64,3.96,0.33,3.62
1/4/1981,Aathbisdanda,28.73,82.38,1849,5.08,2.39,3.4,10.45,11.51,1.06,4.64,70.69,0.34,80.74,2.1,4.09,0.16,3.92,2.3,3.6,0.38,3.22
1/4/1981,Dhangadhi Airport,28.75,80.58,204,12.36,8.57,10.94,12.6,19.56,6.96,5.92,63.0,3.89,91.59,2.06,3.45,0.71,2.74,2.91,4.3,0.96,3.34
1/4/1981,BelaDevipur,28.75,80.62,223,12.36,8.57,10.94,12.6,19.56,6.96,5.92,63.0,3.89,91.59,2.06,3.45,0.71,2.74,2.91,4.3,0.96,3.34
1/4/1981,Pokharikanda,28.75,81.47,1322,9.52,6.25,7.83,12.52,16.42,3.9,5.43,66.0,0.83,87.74,2.05,3.91,0.4,3.51,2.46,4.01,0.44,3.57
1/4/1981,Beldandi,28.77,80.25,189,15.39,11.15,14.61,11.94,22.05,10.12,6.47,59.62,6.99,95.88,2.51,3.99,0.84,3.15,3.79,6.43,1.12,5.3
1/4/1981,sugarkhal,28.77,81.13,994,9.52,6.25,7.83,12.52,16.42,3.9,5.43,66.0,0.83,87.74,2.05,3.91,0.4,3.51,2.46,4.01,0.44,3.57
1/4/1981,Attaria,28.78,80.6,228,12.36,8.57,10.94,12.6,19.56,6.96,5.92,63.0,3.89,91.59,2.06,3.45,0.71,2.74,2.91,4.3,0.96,3.34
1/4/1981,Bhairabstan,28.78,81.43,460,9.52,6.25,7.83,12.52,16.42,3.9,5.43,66.0,0.83,87.74,2.05,3.91,0.4,3.51,2.46,4.01,0.44,3.57
1/4/1981,Malika,28.78,81.62,1425,2.97,0.83,2.01,10.11,9.09,-1.02,4.52,76.06,0.81,77.12,1.91,3.95,0.37,3.58,1.97,3.38,0.51,2.88
1/4/1981,Pajaru,28.8,82.05,1876,2.97,0.83,2.01,10.11,9.09,-1.02,4.52,76.06,0.81,77.12,1.91,3.95,0.37,3.58,1.97,3.38,0.51,2.88
1/4/1981,Bacchuwa,28.82,80.25,206,15.39,11.15,14.61,11.94,22.05,10.12,6.47,59.62,6.99,95.88,2.51,3.99,0.84,3.15,3.79,6.43,1.12,5.3
1/4/1981,Lalmali temple,28.82,80.73,525,12.36,8.57,10.94,12.6,19.56,6.96,5.92,63.0,3.89,91.59,2.06,3.45,0.71,2.74,2.91,4.3,0.96,3.34
1/4/1981,Rahaph,28.82,81.52,1152,9.52,6.25,7.83,12.52,16.42,3.9,5.43,66.0,0.83,87.74,2.05,3.91,0.4,3.51,2.46,4.01,0.44,3.57
1/4/1981,Room,28.82,81.82,1799,2.97,0.83,2.01,10.11,9.09,-1.02,4.52,76.06,0.81,77.12,1.91,3.95,0.37,3.58,1.97,3.38,0.51,2.88
1/4/1981,Malakheti,28.83,80.53,229,12.36,8.57,10.94,12.6,19.56,6.96,5.92,63.0,3.89,91.59,2.06,3.45,0.71,2.74,2.91,4.3,0.96,3.34
1/4/1981,Rajalake,28.83,80.63,329,12.36,8.57,10.94,12.6,19.56,6.96,5.92,63.0,3.89,91.59,2.06,3.45,0.71,2.74,2.91,4.3,0.96,3.34
1/4/1981,Lahai,28.83,82.25,2242,-1.79,-4.42,-2.58,9.27,4.18,-5.1,3.23,70.5,0.26,69.03,1.66,3.7,0.34,3.35,1.63,2.96,0.42,2.54
1/4/1981,Dodhara,28.85,80.08,204,15.39,11.15,14.61,11.94,22.05,10.12,6.47,59.62,6.99,95.88,2.51,3.99,0.84,3.15,3.79,6.43,1.12,5.3
1/4/1981,Balma,28.85,80.13,209,15.39,11.15,14.61,11.94,22.05,10.12,6.47,59.62,6.99,95.88,2.51,3.99,0.84,3.15,3.79,6.43,1.12,5.3
1/4/1981,Bandevi Temple,28.85,80.57,262,12.36,8.57,10.94,12.6,19.56,6.96,5.92,63.0,3.89,91.59,2.06,3.45,0.71,2.74,2.91,4.3,0.96,3.34
1/4/1981,Singghasan Temple,28.85,80.85,1589,12.36,8.57,10.94,12.6,19.56,6.96,5.92,63.0,3.89,91.59,2.06,3.45,0.71,2.74,2.91,4.3,0.96,3.34
1/4/1981,Shuklaphata,28.87,80.25,226,15.39,11.15,14.61,11.94,22.05,10.12,6.47,59.62,6.99,95.88,2.51,3.99,0.84,3.15,3.79,6.43,1.12,5.3
1/4/1981,Godawari Temple,28.87,80.57,322,12.36,8.57,10.94,12.6,19.56,6.96,5.92,63.0,3.89,91.59,2.06,3.45,0.71,2.74,2.91,4.3,0.96,3.34
1/4/1981,Khairala,28.87,80.75,693,12.36,8.57,10.94,12.6,19.56,6.96,5.92,63.0,3.89,91.59,2.06,3.45,0.71,2.74,2.91,4.3,0.96,3.34
1/4/1981,badakhola,28.87,81.65,882,2.97,0.83,2.01,10.11,9.09,-1.02,4.52,76.06,0.81,77.12,1.91,3.95,0.37,3.58,1.97,3.38,0.51,2.88
1/4/1981,Jajarkot,28.87,82.17,1663,2.97,0.83,2.01,10.11,9.09,-1.02,4.52,76.06,0.81,77.12,1.91,3.95,0.37,3.58,1.97,3.38,0.51,2.88
1/4/1981,Garkhakot,28.88,82.02,1873,2.97,0.83,2.01,10.11,9.09,-1.02,4.52,76.06,0.81,77.12,1.91,3.95,0.37,3.58,1.97,3.38,0.51,2.88
1/4/1981,Katunje,28.9,80.85,1205,12.36,8.57,10.94,12.6,19.56,6.96,5.92,63.0,3.89,91.59,2.06,3.45,0.71,2.74,2.91,4.3,0.96,3.34
1/4/1981,Gautamkot,28.9,82.57,3163,-1.79,-4.42,-2.58,9.27,4.18,-5.1,3.23,70.5,0.26,69.03,1.66,3.7,0.34,3.35,1.63,2.96,0.42,2.54
1/4/1981,Budhetola,28.92,80.58,1233,12.36,8.57,10.94,12.6,19.56,6.96,5.92,63.0,3.89,91.59,2.06,3.45,0.71,2.74,2.91,4.3,0.96,3.34
1/4/1981,Gajari Jharna,28.92,80.63,1359,12.36,8.57,10.94,12.6,19.56,6.96,5.92,63.0,3.89,91.59,2.06,3.45,0.71,2.74,2.91,4.3,0.96,3.34
1/4/1981,Ramidanda,28.92,82.23,1904,-1.79,-4.42,-2.58,9.27,4.18,-5.1,3.23,70.5,0.26,69.03,1.66,3.7,0.34,3.35,1.63,2.96,0.42,2.54
1/4/1981,Dodhara Chadani,28.93,80.08,230,15.39,11.15,14.61,11.94,22.05,10.12,6.47,59.62,6.99,95.88,2.51,3.99,0.84,3.15,3.79,6.43,1.12,5.3
1/4/1981,Shantitol,28.93,80.13,228,15.39,11.15,14.61,11.94,22.05,10.12,6.47,59.62,6.99,95.88,2.51,3.99,0.84,3.15,3.79,6.43,1.12,5.3
1/4/1981,Florida Hostel,28.93,80.17,230,15.39,11.15,14.61,11.94,22.05,10.12,6.47,59.62,6.99,95.88,2.51,3.99,0.84,3.15,3.79,6.43,1.12,5.3
1/4/1981,Daijee,28.93,80.27,232,15.39,11.15,14.61,11.94,22.05,10.12,6.47,59.62,6.99,95.88,2.51,3.99,0.84,3.15,3.79,6.43,1.12,5.3
1/4/1981,waterfall,28.93,80.8,954,12.36,8.57,10.94,12.6,19.56,6.96,5.92,63.0,3.89,91.59,2.06,3.45,0.71,2.74,2.91,4.3,0.96,3.34
1/4/1981,Dhungachaina,28.93,81.27,823,9.52,6.25,7.83,12.52,16.42,3.9,5.43,66.0,0.83,87.74,2.05,3.91,0.4,3.51,2.46,4.01,0.44,3.57
1/4/1981,Dailekh,28.93,81.63,1298,2.97,0.83,2.01,10.11,9.09,-1.02,4.52,76.06,0.81,77.12,1.91,3.95,0.37,3.58,1.97,3.38,0.51,2.88
1/4/1981,Odahari,28.93,81.83,1744,2.97,0.83,2.01,10.11,9.09,-1.02,4.52,76.06,0.81,77.12,1.91,3.95,0.37,3.58,1.97,3.38,0.51,2.88
1/4/1981,Laxmi Niwas,28.95,80.17,234,15.39,11.15,14.61,11.94,22.05,10.12,6.47,59.62,6.99,95.88,2.51,3.99,0.84,3.15,3.79,6.43,1.12,5.3
1/4/1981,Bhimdatta Municipality,28.95,80.2,231,15.39,11.15,14.61,11.94,22.05,10.12,6.47,59.62,6.99,95.88,2.51,3.99,0.84,3.15,3.79,6.43,1.12,5.3
1/4/1981,Ragda,28.95,82.43,2916,-1.79,-4.42,-2.58,9.27,4.18,-5.1,3.23,70.5,0.26,69.03,1.66,3.7,0.34,3.35,1.63,2.96,0.42,2.54
1/4/1981,Polkhari,28.97,80.25,241,15.39,11.15,14.61,11.94,22.05,10.12,6.47,59.62,6.99,95.88,2.51,3.99,0.84,3.15,3.79,6.43,1.12,5.3
1/4/1981,Nigali,28.97,80.72,1677,12.36,8.57,10.94,12.6,19.56,6.96,5.92,63.0,3.89,91.59,2.06,3.45,0.71,2.74,2.91,4.3,0.96,3.34
1/4/1981,Daha,28.97,82.02,3468,2.97,0.83,2.01,10.11,9.09,-1.02,4.52,76.06,0.81,77.12,1.91,3.95,0.37,3.58,1.97,3.38,0.51,2.88
1/4/1981,Gadda Chauki,28.98,80.12,243,15.39,11.15,14.61,11.94,22.05,10.12,6.47,59.62,6.99,95.88,2.51,3.99,0.84,3.15,3.79,6.43,1.12,5.3
1/4/1981,Bhimdatta ,28.98,80.15,250,15.39,11.15,14.61,11.94,22.05,10.12,6.47,59.62,6.99,95.88,2.51,3.99,0.84,3.15,3.79,6.43,1.12,5.3
1/4/1981,Suda,28.98,80.22,256,15.39,11.15,14.61,11.94,22.05,10.12,6.47,59.62,6.99,95.88,2.51,3.99,0.84,3.15,3.79,6.43,1.12,5.3
1/4/1981,Sahajpur,28.98,80.58,853,12.36,8.57,10.94,12.6,19.56,6.96,5.92,63.0,3.89,91.59,2.06,3.45,0.71,2.74,2.91,4.3,0.96,3.34
1/4/1981,Barachhen,28.98,80.78,1297,12.36,8.57,10.94,12.6,19.56,6.96,5.92,63.0,3.89,91.59,2.06,3.45,0.71,2.74,2.91,4.3,0.96,3.34
1/4/1981,Dhanglagau,28.98,80.93,1520,12.36,8.57,10.94,12.6,19.56,6.96,5.92,63.0,3.89,91.59,2.06,3.45,0.71,2.74,2.91,4.3,0.96,3.34
1/4/1981,Walant,28.98,81.17,1355,9.52,6.25,7.83,12.52,16.42,3.9,5.43,66.0,0.83,87.74,2.05,3.91,0.4,3.51,2.46,4.01,0.44,3.57
1/4/1981,Lakhanora,28.98,81.53,1209,9.52,6.25,7.83,12.52,16.42,3.9,5.43,66.0,0.83,87.74,2.05,3.91,0.4,3.51,2.46,4.01,0.44,3.57
1/4/1981,DObala,29.0,80.52,922,12.36,8.57,10.94,12.6,19.56,6.96,5.92,63.0,3.89,91.59,2.06,3.45,0.71,2.74,2.91,4.3,0.96,3.34
1/4/1981,Khandanda,29.0,80.62,1418,12.36,8.57,10.94,12.6,19.56,6.96,5.92,63.0,3.89,91.59,2.06,3.45,0.71,2.74,2.91,4.3,0.96,3.34
1/4/1981,Bp Nagar,29.0,80.73,840,12.36,8.57,10.94,12.6,19.56,6.96,5.92,63.0,3.89,91.59,2.06,3.45,0.71,2.74,2.91,4.3,0.96,3.34
1/4/1981,barchain,29.0,80.78,1327,12.36,8.57,10.94,12.6,19.56,6.96,5.92,63.0,3.89,91.59,2.06,3.45,0.71,2.74,2.91,4.3,0.96,3.34
1/4/1981,Kihunain,29.0,80.95,1491,9.52,6.25,7.83,12.52,16.42,3.9,5.43,66.0,0.83,87.74,2.05,3.91,0.4,3.51,2.46,4.01,0.44,3.57
1/4/1981,Kusapani,29.0,81.63,1511,2.97,0.83,2.01,10.11,9.09,-1.02,4.52,76.06,0.81,77.12,1.91,3.95,0.37,3.58,1.97,3.38,0.51,2.88
1/4/1981,Mahabuidham,29.0,81.73,3348,2.97,0.83,2.01,10.11,9.09,-1.02,4.52,76.06,0.81,77.12,1.91,3.95,0.37,3.58,1.97,3.38,0.51,2.88
1/4/1981,Odanakhu,29.0,81.93,3256,2.97,0.83,2.01,10.11,9.09,-1.02,4.52,76.06,0.81,77.12,1.91,3.95,0.37,3.58,1.97,3.38,0.51,2.88
1/4/1981,Bhalulek,29.0,82.38,5138,-1.79,-4.42,-2.58,9.27,4.18,-5.1,3.23,70.5,0.26,69.03,1.66,3.7,0.34,3.35,1.63,2.96,0.42,2.54
1/4/1981,Siddhartha Lake,29.02,80.23,412,15.39,11.15,14.61,11.94,22.05,10.12,6.47,59.62,6.99,95.88,2.51,3.99,0.84,3.15,3.79,6.43,1.12,5.3
1/4/1981,Bedkot Lake,29.02,80.3,451,15.39,11.15,14.61,11.94,22.05,10.12,6.47,59.62,6.99,95.88,2.51,3.99,0.84,3.15,3.79,6.43,1.12,5.3
1/4/1981,Kanchaur,29.02,81.1,819,9.52,6.25,7.83,12.52,16.42,3.9,5.43,66.0,0.83,87.74,2.05,3.91,0.4,3.51,2.46,4.01,0.44,3.57
1/4/1981,Odanaku,29.02,81.93,3297,2.97,0.83,2.01,10.11,9.09,-1.02,4.52,76.06,0.81,77.12,1.91,3.95,0.37,3.58,1.97,3.38,0.51,2.88
1/4/1981,Patal,29.03,80.78,1520,12.36,8.57,10.94,12.6,19.56,6.96,5.92,63.0,3.89,91.59,2.06,3.45,0.71,2.74,2.91,4.3,0.96,3.34
1/4/1981,Lipna temple,29.05,80.32,1211,12.36,8.57,10.94,12.6,19.56,6.96,5.92,63.0,3.89,91.59,2.06,3.45,0.71,2.74,2.91,4.3,0.96,3.34
1/4/1981,Patal II,29.05,80.77,1466,12.36,8.57,10.94,12.6,19.56,6.96,5.92,63.0,3.89,91.59,2.06,3.45,0.71,2.74,2.91,4.3,0.96,3.34
1/4/1981,Chalsa,29.05,81.38,1062,9.52,6.25,7.83,12.52,16.42,3.9,5.43,66.0,0.83,87.74,2.05,3.91,0.4,3.51,2.46,4.01,0.44,3.57
1/4/1981,Rakhyathala,29.05,81.65,2617,2.97,0.83,2.01,10.11,9.09,-1.02,4.52,76.06,0.81,77.12,1.91,3.95,0.37,3.58,1.97,3.38,0.51,2.88
1/4/1981,Narkhu,29.05,82.52,2492,-1.79,-4.42,-2.58,9.27,4.18,-5.1,3.23,70.5,0.26,69.03,1.66,3.7,0.34,3.35,1.63,2.96,0.42,2.54
1/4/1981,Jhilmila tal,29.07,80.17,660,15.39,11.15,14.61,11.94,22.05,10.12,6.47,59.62,6.99,95.88,2.51,3.99,0.84,3.15,3.79,6.43,1.12,5.3
1/4/1981,Chhatiwan,29.07,80.6,1267,12.36,8.57,10.94,12.6,19.56,6.96,5.92,63.0,3.89,91.59,2.06,3.45,0.71,2.74,2.91,4.3,0.96,3.34
1/4/1981,Laxmi nagar,29.07,80.67,1161,12.36,8.57,10.94,12.6,19.56,6.96,5.92,63.0,3.89,91.59,2.06,3.45,0.71,2.74,2.91,4.3,0.96,3.34
1/4/1981,Mannakapadi,29.07,80.87,1809,12.36,8.57,10.94,12.6,19.56,6.96,5.92,63.0,3.89,91.59,2.06,3.45,0.71,2.74,2.91,4.3,0.96,3.34
1/4/1981,Bharta,29.07,81.58,2271,2.97,0.83,2.01,10.11,9.09,-1.02,4.52,76.06,0.81,77.12,1.91,3.95,0.37,3.58,1.97,3.38,0.51,2.88
1/4/1981,Mugraha,29.07,81.67,2252,2.97,0.83,2.01,10.11,9.09,-1.02,4.52,76.06,0.81,77.12,1.91,3.95,0.37,3.58,1.97,3.38,0.51,2.88
1/4/1981,tamti,29.07,82.1,3508,2.97,0.83,2.01,10.11,9.09,-1.02,4.52,76.06,0.81,77.12,1.91,3.95,0.37,3.58,1.97,3.38,0.51,2.88
1/4/1981,Nayakwada,29.07,82.32,3676,-1.79,-4.42,-2.58,9.27,4.18,-5.1,3.23,70.5,0.26,69.03,1.66,3.7,0.34,3.35,1.63,2.96,0.42,2.54
1/4/1981,Jogbudha,29.08,80.33,530,12.36,8.57,10.94,12.6,19.56,6.96,5.92,63.0,3.89,91.59,2.06,3.45,0.71,2.74,2.91,4.3,0.96,3.34
1/4/1981,Alital,29.08,80.48,1148,12.36,8.57,10.94,12.6,19.56,6.96,5.92,63.0,3.89,91.59,2.06,3.45,0.71,2.74,2.91,4.3,0.96,3.34
1/4/1981,Budar,29.08,80.55,1406,12.36,8.57,10.94,12.6,19.56,6.96,5.92,63.0,3.89,91.59,2.06,3.45,0.71,2.74,2.91,4.3,0.96,3.34
1/4/1981,Pipalkot,29.08,81.52,1306,9.52,6.25,7.83,12.52,16.42,3.9,5.43,66.0,0.83,87.74,2.05,3.91,0.4,3.51,2.46,4.01,0.44,3.57
1/4/1981,Chihaya,29.08,81.83,2771,2.97,0.83,2.01,10.11,9.09,-1.02,4.52,76.06,0.81,77.12,1.91,3.95,0.37,3.58,1.97,3.38,0.51,2.88
1/4/1981,Dhirkamandau,29.1,80.92,2172,12.36,8.57,10.94,12.6,19.56,6.96,5.92,63.0,3.89,91.59,2.06,3.45,0.71,2.74,2.91,4.3,0.96,3.34
1/4/1981,Mangalsen,29.1,81.22,1466,9.52,6.25,7.83,12.52,16.42,3.9,5.43,66.0,0.83,87.74,2.05,3.91,0.4,3.51,2.46,4.01,0.44,3.57
1/4/1981,Dahaphatgau,29.12,81.67,2029,2.97,0.83,2.01,10.11,9.09,-1.02,4.52,76.06,0.81,77.12,1.91,3.95,0.37,3.58,1.97,3.38,0.51,2.88
1/4/1981,Saraswotinagar,29.13,80.72,1825,12.36,8.57,10.94,12.6,19.56,6.96,5.92,63.0,3.89,91.59,2.06,3.45,0.71,2.74,2.91,4.3,0.96,3.34
1/4/1981,Chapamandau,29.15,81.38,1389,9.52,6.25,7.83,12.52,16.42,3.9,5.43,66.0,0.83,87.74,2.05,3.91,0.4,3.51,2.46,4.01,0.44,3.57
1/4/1981,Ranchuli,29.15,81.85,2393,2.97,0.83,2.01,10.11,9.09,-1.02,4.52,76.06,0.81,77.12,1.91,3.95,0.37,3.58,1.97,3.38,0.51,2.88
1/4/1981,Malikathanta,29.15,82.02,3200,2.97,0.83,2.01,10.11,9.09,-1.02,4.52,76.06,0.81,77.12,1.91,3.95,0.37,3.58,1.97,3.38,0.51,2.88
1/4/1981,Hanku,29.15,82.18,3709,2.97,0.83,2.01,10.11,9.09,-1.02,4.52,76.06,0.81,77.12,1.91,3.95,0.37,3.58,1.97,3.38,0.51,2.88
1/4/1981,Sirsa,29.17,80.35,972,12.36,8.57,10.94,12.6,19.56,6.96,5.92,63.0,3.89,91.59,2.06,3.45,0.71,2.74,2.91,4.3,0.96,3.34
1/4/1981,Mudhegaun,29.17,80.8,2126,12.36,8.57,10.94,12.6,19.56,6.96,5.92,63.0,3.89,91.59,2.06,3.45,0.71,2.74,2.91,4.3,0.96,3.34
1/4/1981,Chapre,29.17,81.75,3061,2.97,0.83,2.01,10.11,9.09,-1.02,4.52,76.06,0.81,77.12,1.91,3.95,0.37,3.58,1.97,3.38,0.51,2.88
1/4/1981,Mahatgau,29.17,82.1,3656,2.97,0.83,2.01,10.11,9.09,-1.02,4.52,76.06,0.81,77.12,1.91,3.95,0.37,3.58,1.97,3.38,0.51,2.88
1/4/1981,Gankhet,29.18,80.53,1277,12.36,8.57,10.94,12.6,19.56,6.96,5.92,63.0,3.89,91.59,2.06,3.45,0.71,2.74,2.91,4.3,0.96,3.34
1/4/1981,Thuwa,29.18,81.13,1395,9.52,6.25,7.83,12.52,16.42,3.9,5.43,66.0,0.83,87.74,2.05,3.91,0.4,3.51,2.46,4.01,0.44,3.57
1/4/1981,Kumalgau,29.18,81.53,1621,9.52,6.25,7.83,12.52,16.42,3.9,5.43,66.0,0.83,87.74,2.05,3.91,0.4,3.51,2.46,4.01,0.44,3.57
1/4/1981,Badalkot,29.18,81.65,1991,2.97,0.83,2.01,10.11,9.09,-1.02,4.52,76.06,0.81,77.12,1.91,3.95,0.37,3.58,1.97,3.38,0.51,2.88
1/4/1981,Pholmahadev,29.18,81.88,2601,2.97,0.83,2.01,10.11,9.09,-1.02,4.52,76.06,0.81,77.12,1.91,3.95,0.37,3.58,1.97,3.38,0.51,2.88
1/4/1981,Ghodemahadev,29.18,81.93,3097,2.97,0.83,2.01,10.11,9.09,-1.02,4.52,76.06,0.81,77.12,1.91,3.95,0.37,3.58,1.97,3.38,0.51,2.88
1/4/1981,Guthichaur,29.18,82.38,3744,-1.79,-4.42,-2.58,9.27,4.18,-5.1,3.23,70.5,0.26,69.03,1.66,3.7,0.34,3.35,1.63,2.96,0.42,2.54
1/4/1981,Gogan,29.2,80.42,1399,12.36,8.57,10.94,12.6,19.56,6.96,5.92,63.0,3.89,91.59,2.06,3.45,0.71,2.74,2.91,4.3,0.96,3.34
1/4/1981,Ladagada,29.22,81.02,1194,9.52,6.25,7.83,12.52,16.42,3.9,5.43,66.0,0.83,87.74,2.05,3.91,0.4,3.51,2.46,4.01,0.44,3.57
1/4/1981,Ramaroshan,29.22,81.47,2497,9.52,6.25,7.83,12.52,16.42,3.9,5.43,66.0,0.83,87.74,2.05,3.91,0.4,3.51,2.46,4.01,0.44,3.57
1/4/1981,Kalikot,29.22,81.73,2761,2.97,0.83,2.01,10.11,9.09,-1.02,4.52,76.06,0.81,77.12,1.91,3.95,0.37,3.58,1.97,3.38,0.51,2.88
1/4/1981,Mahabipatharkhola,29.22,81.9,2797,2.97,0.83,2.01,10.11,9.09,-1.02,4.52,76.06,0.81,77.12,1.91,3.95,0.37,3.58,1.97,3.38,0.51,2.88
1/4/1981,Lihi,29.23,81.97,2385,2.97,0.83,2.01,10.11,9.09,-1.02,4.52,76.06,0.81,77.12,1.91,3.95,0.37,3.58,1.97,3.38,0.51,2.88
1/4/1981,tatopani,29.23,82.05,2673,2.97,0.83,2.01,10.11,9.09,-1.02,4.52,76.06,0.81,77.12,1.91,3.95,0.37,3.58,1.97,3.38,0.51,2.88
1/4/1981,Dipayal,29.25,80.92,629,6.23,2.97,4.9,11.19,12.66,1.48,4.64,66.06,3.02,81.97,1.82,4.33,0.32,4.02,1.9,3.74,0.38,3.36
1/4/1981,Rupsa,29.25,81.52,2263,1.42,-0.91,0.69,11.55,8.42,-3.13,4.09,76.75,0.78,75.08,1.86,4.81,0.09,4.72,1.88,4.12,0.17,3.95
1/4/1981,Sipkhana,29.25,81.62,1909,-0.82,-2.75,-1.06,11.18,6.28,-4.91,3.78,80.5,0.61,71.65,1.83,4.23,0.84,3.4,1.84,3.49,0.68,2.81
1/4/1981,Garjhankot,29.25,82.27,2589,-10.3,-11.87,-11.2,9.9,-4.28,-14.18,2.08,82.0,0.24,59.78,1.52,4.35,0.11,4.24,1.57,4.04,0.15,3.89
1/4/1981,ganespur,29.27,80.67,1379,6.23,2.97,4.9,11.19,12.66,1.48,4.64,66.06,3.02,81.97,1.82,4.33,0.32,4.02,1.9,3.74,0.38,3.36
1/4/1981,nanikot,29.27,81.7,1469,-0.82,-2.75,-1.06,11.18,6.28,-4.91,3.78,80.5,0.61,71.65,1.83,4.23,0.84,3.4,1.84,3.49,0.68,2.81
1/4/1981,Thirpu,29.27,81.8,2325,-0.82,-2.75,-1.06,11.18,6.28,-4.91,3.78,80.5,0.61,71.65,1.83,4.23,0.84,3.4,1.84,3.49,0.68,2.81
1/4/1981,Bagarkot,29.28,80.47,1292,6.23,2.97,4.9,11.19,12.66,1.48,4.64,66.06,3.02,81.97,1.82,4.33,0.32,4.02,1.9,3.74,0.38,3.36
1/4/1981,Chandannath,29.28,82.15,3269,-0.82,-2.75,-1.06,11.18,6.28,-4.91,3.78,80.5,0.61,71.65,1.83,4.23,0.84,3.4,1.84,3.49,0.68,2.81
1/4/1981,Jumla,29.28,82.3,3015,-10.3,-11.87,-11.2,9.9,-4.28,-14.18,2.08,82.0,0.24,59.78,1.52,4.35,0.11,4.24,1.57,4.04,0.15,3.89
1/4/1981,Amargadi,29.3,80.57,1675,6.23,2.97,4.9,11.19,12.66,1.48,4.64,66.06,3.02,81.97,1.82,4.33,0.32,4.02,1.9,3.74,0.38,3.36
1/4/1981,Kalisthan,29.3,80.88,1189,6.23,2.97,4.9,11.19,12.66,1.48,4.64,66.06,3.02,81.97,1.82,4.33,0.32,4.02,1.9,3.74,0.38,3.36
1/4/1981,Chatara,29.3,81.35,1925,1.42,-0.91,0.69,11.55,8.42,-3.13,4.09,76.75,0.78,75.08,1.86,4.81,0.09,4.72,1.88,4.12,0.17,3.95
1/4/1981,Badki,29.3,81.95,2907,-0.82,-2.75,-1.06,11.18,6.28,-4.91,3.78,80.5,0.61,71.65,1.83,4.23,0.84,3.4,1.84,3.49,0.68,2.81
1/4/1981,patarasi,29.3,82.45,3962,-10.3,-11.87,-11.2,9.9,-4.28,-14.18,2.08,82.0,0.24,59.78,1.52,4.35,0.11,4.24,1.57,4.04,0.15,3.89
1/4/1981,Jhikrana,29.32,81.02,1999,1.42,-0.91,0.69,11.55,8.42,-3.13,4.09,76.75,0.78,75.08,1.86,4.81,0.09,4.72,1.88,4.12,0.17,3.95
1/4/1981,Babala,29.32,81.23,1472,1.42,-0.91,0.69,11.55,8.42,-3.13,4.09,76.75,0.78,75.08,1.86,4.81,0.09,4.72,1.88,4.12,0.17,3.95
1/4/1981,Mumrakot,29.32,81.58,2720,-0.82,-2.75,-1.06,11.18,6.28,-4.91,3.78,80.5,0.61,71.65,1.83,4.23,0.84,3.4,1.84,3.49,0.68,2.81
1/4/1981,narakot,29.33,82.0,2735,-0.82,-2.75,-1.06,11.18,6.28,-4.91,3.78,80.5,0.61,71.65,1.83,4.23,0.84,3.4,1.84,3.49,0.68,2.81
1/4/1981,Chumchaur,29.33,82.35,3563,-10.3,-11.87,-11.2,9.9,-4.28,-14.18,2.08,82.0,0.24,59.78,1.52,4.35,0.11,4.24,1.57,4.04,0.15,3.89
1/4/1981,Kailashmandu,29.35,81.38,2027,1.42,-0.91,0.69,11.55,8.42,-3.13,4.09,76.75,0.78,75.08,1.86,4.81,0.09,4.72,1.88,4.12,0.17,3.95
1/4/1981,Deura,29.35,81.55,4012,1.42,-0.91,0.69,11.55,8.42,-3.13,4.09,76.75,0.78,75.08,1.86,4.81,0.09,4.72,1.88,4.12,0.17,3.95
1/4/1981,Gotre,29.35,81.65,3034,-0.82,-2.75,-1.06,11.18,6.28,-4.91,3.78,80.5,0.61,71.65,1.83,4.23,0.84,3.4,1.84,3.49,0.68,2.81
1/4/1981,Patranara,29.35,82.2,3797,-10.3,-11.87,-11.2,9.9,-4.28,-14.18,2.08,82.0,0.24,59.78,1.52,4.35,0.11,4.24,1.57,4.04,0.15,3.89
1/4/1981,Udayadev,29.37,80.35,1481,6.23,2.97,4.9,11.19,12.66,1.48,4.64,66.06,3.02,81.97,1.82,4.33,0.32,4.02,1.9,3.74,0.38,3.36
1/4/1981,Khin,29.37,81.88,2997,-0.82,-2.75,-1.06,11.18,6.28,-4.91,3.78,80.5,0.61,71.65,1.83,4.23,0.84,3.4,1.84,3.49,0.68,2.81
1/4/1981,Mahakali,29.38,80.27,804,8.28,5.2,7.35,11.7,15.15,3.44,5.25,68.38,5.99,85.33,1.93,4.66,0.12,4.55,2.26,4.67,0.16,4.51
1/4/1981,Chapali,29.38,80.92,2198,6.23,2.97,4.9,11.19,12.66,1.48,4.64,66.06,3.02,81.97,1.82,4.33,0.32,4.02,1.9,3.74,0.38,3.36
1/4/1981,Tokini,29.38,81.0,1600,1.42,-0.91,0.69,11.55,8.42,-3.13,4.09,76.75,0.78,75.08,1.86,4.81,0.09,4.72,1.88,4.12,0.17,3.95
1/4/1981,Khaptad NP,29.38,81.13,3103,1.42,-0.91,0.69,11.55,8.42,-3.13,4.09,76.75,0.78,75.08,1.86,4.81,0.09,4.72,1.88,4.12,0.17,3.95
1/4/1981,Gudukhati,29.38,81.28,1910,1.42,-0.91,0.69,11.55,8.42,-3.13,4.09,76.75,0.78,75.08,1.86,4.81,0.09,4.72,1.88,4.12,0.17,3.95
1/4/1981,Budiganga,29.38,81.47,2267,1.42,-0.91,0.69,11.55,8.42,-3.13,4.09,76.75,0.78,75.08,1.86,4.81,0.09,4.72,1.88,4.12,0.17,3.95
1/4/1981,Bumramadichaur,29.38,82.13,2798,-0.82,-2.75,-1.06,11.18,6.28,-4.91,3.78,80.5,0.61,71.65,1.83,4.23,0.84,3.4,1.84,3.49,0.68,2.81
1/4/1981,Kaipal,29.4,80.5,1387,6.23,2.97,4.9,11.19,12.66,1.48,4.64,66.06,3.02,81.97,1.82,4.33,0.32,4.02,1.9,3.74,0.38,3.36
1/4/1981,Dholagohe,29.4,81.78,3107,-0.82,-2.75,-1.06,11.18,6.28,-4.91,3.78,80.5,0.61,71.65,1.83,4.23,0.84,3.4,1.84,3.49,0.68,2.81
1/4/1981,Siddapur,29.42,80.65,1897,6.23,2.97,4.9,11.19,12.66,1.48,4.64,66.06,3.02,81.97,1.82,4.33,0.32,4.02,1.9,3.74,0.38,3.36
1/4/1981,Bajura,29.42,81.42,1471,1.42,-0.91,0.69,11.55,8.42,-3.13,4.09,76.75,0.78,75.08,1.86,4.81,0.09,4.72,1.88,4.12,0.17,3.95
1/4/1981,Sapata,29.42,81.7,1324,-0.82,-2.75,-1.06,11.18,6.28,-4.91,3.78,80.5,0.61,71.65,1.83,4.23,0.84,3.4,1.84,3.49,0.68,2.81
1/4/1981,Birat,29.42,81.98,2932,-0.82,-2.75,-1.06,11.18,6.28,-4.91,3.78,80.5,0.61,71.65,1.83,4.23,0.84,3.4,1.84,3.49,0.68,2.81
1/4/1981,Badimalika,29.43,81.48,2052,1.42,-0.91,0.69,11.55,8.42,-3.13,4.09,76.75,0.78,75.08,1.86,4.81,0.09,4.72,1.88,4.12,0.17,3.95
1/4/1981,Malikabota,29.43,82.05,3106,-0.82,-2.75,-1.06,11.18,6.28,-4.91,3.78,80.5,0.61,71.65,1.83,4.23,0.84,3.4,1.84,3.49,0.68,2.81
1/4/1981,Gajari ,29.45,80.7,1793,6.23,2.97,4.9,11.19,12.66,1.48,4.64,66.06,3.02,81.97,1.82,4.33,0.32,4.02,1.9,3.74,0.38,3.36
1/4/1981,Koiralkot,29.45,81.05,1448,1.42,-0.91,0.69,11.55,8.42,-3.13,4.09,76.75,0.78,75.08,1.86,4.81,0.09,4.72,1.88,4.12,0.17,3.95
1/4/1981,pandusin,29.45,81.6,2140,-0.82,-2.75,-1.06,11.18,6.28,-4.91,3.78,80.5,0.61,71.65,1.83,4.23,0.84,3.4,1.84,3.49,0.68,2.81
1/4/1981,patan,29.47,80.55,1484,6.23,2.97,4.9,11.19,12.66,1.48,4.64,66.06,3.02,81.97,1.82,4.33,0.32,4.02,1.9,3.74,0.38,3.36
1/4/1981,Manakot,29.47,81.33,2326,1.42,-0.91,0.69,11.55,8.42,-3.13,4.09,76.75,0.78,75.08,1.86,4.81,0.09,4.72,1.88,4.12,0.17,3.95
1/4/1981,Kotila,29.47,81.63,2358,-0.82,-2.75,-1.06,11.18,6.28,-4.91,3.78,80.5,0.61,71.65,1.83,4.23,0.84,3.4,1.84,3.49,0.68,2.81
1/4/1981,GIregada,29.48,80.37,1645,6.23,2.97,4.9,11.19,12.66,1.48,4.64,66.06,3.02,81.97,1.82,4.33,0.32,4.02,1.9,3.74,0.38,3.36
1/4/1981,Maulali,29.48,81.02,1398,1.42,-0.91,0.69,11.55,8.42,-3.13,4.09,76.75,0.78,75.08,1.86,4.81,0.09,4.72,1.88,4.12,0.17,3.95
1/4/1981,Jugada,29.48,81.45,2488,1.42,-0.91,0.69,11.55,8.42,-3.13,4.09,76.75,0.78,75.08,1.86,4.81,0.09,4.72,1.88,4.12,0.17,3.95
1/4/1981,Ramghat,29.48,81.72,503,-0.82,-2.75,-1.06,11.18,6.28,-4.91,3.78,80.5,0.61,71.65,1.83,4.23,0.84,3.4,1.84,3.49,0.68,2.81
1/4/1981,Sunkuda,29.5,80.87,1229,6.23,2.97,4.9,11.19,12.66,1.48,4.64,66.06,3.02,81.97,1.82,4.33,0.32,4.02,1.9,3.74,0.38,3.36
1/4/1981,Rauleswor,29.52,80.58,1426,6.23,2.97,4.9,11.19,12.66,1.48,4.64,66.06,3.02,81.97,1.82,4.33,0.32,4.02,1.9,3.74,0.38,3.36
1/4/1981,Sikharpur,29.52,80.67,2270,6.23,2.97,4.9,11.19,12.66,1.48,4.64,66.06,3.02,81.97,1.82,4.33,0.32,4.02,1.9,3.74,0.38,3.36
1/4/1981,Baddhu,29.52,81.72,2387,-0.82,-2.75,-1.06,11.18,6.28,-4.91,3.78,80.5,0.61,71.65,1.83,4.23,0.84,3.4,1.84,3.49,0.68,2.81
1/4/1981,Baltari,29.53,80.37,1059,6.23,2.97,4.9,11.19,12.66,1.48,4.64,66.06,3.02,81.97,1.82,4.33,0.32,4.02,1.9,3.74,0.38,3.36
1/4/1981,Maunali,29.53,80.55,1594,6.23,2.97,4.9,11.19,12.66,1.48,4.64,66.06,3.02,81.97,1.82,4.33,0.32,4.02,1.9,3.74,0.38,3.36
1/4/1981,Kadel,29.53,81.07,1906,1.42,-0.91,0.69,11.55,8.42,-3.13,4.09,76.75,0.78,75.08,1.86,4.81,0.09,4.72,1.88,4.12,0.17,3.95
1/4/1981,Hemantabada,29.53,81.22,1785,1.42,-0.91,0.69,11.55,8.42,-3.13,4.09,76.75,0.78,75.08,1.86,4.81,0.09,4.72,1.88,4.12,0.17,3.95
1/4/1981,kolti,29.53,81.62,2350,-0.82,-2.75,-1.06,11.18,6.28,-4.91,3.78,80.5,0.61,71.65,1.83,4.23,0.84,3.4,1.84,3.49,0.68,2.81
1/4/1981,Dasarathchanda,29.55,80.4,1334,6.23,2.97,4.9,11.19,12.66,1.48,4.64,66.06,3.02,81.97,1.82,4.33,0.32,4.02,1.9,3.74,0.38,3.36
1/4/1981,Shah lek,29.55,80.42,1533,6.23,2.97,4.9,11.19,12.66,1.48,4.64,66.06,3.02,81.97,1.82,4.33,0.32,4.02,1.9,3.74,0.38,3.36
1/4/1981,Durga Bhawani,29.55,80.45,1586,6.23,2.97,4.9,11.19,12.66,1.48,4.64,66.06,3.02,81.97,1.82,4.33,0.32,4.02,1.9,3.74,0.38,3.36
1/4/1981,Hatraj,29.55,80.5,1801,6.23,2.97,4.9,11.19,12.66,1.48,4.64,66.06,3.02,81.97,1.82,4.33,0.32,4.02,1.9,3.74,0.38,3.36
1/4/1981,Bijaypur,29.55,80.6,1866,6.23,2.97,4.9,11.19,12.66,1.48,4.64,66.06,3.02,81.97,1.82,4.33,0.32,4.02,1.9,3.74,0.38,3.36
1/4/1981,Deulek,29.57,80.52,1530,6.23,2.97,4.9,11.19,12.66,1.48,4.64,66.06,3.02,81.97,1.82,4.33,0.32,4.02,1.9,3.74,0.38,3.36
1/4/1981,Khiratadi,29.57,80.87,1528,6.23,2.97,4.9,11.19,12.66,1.48,4.64,66.06,3.02,81.97,1.82,4.33,0.32,4.02,1.9,3.74,0.38,3.36
1/4/1981,Dahakot,29.57,81.48,2762,1.42,-0.91,0.69,11.55,8.42,-3.13,4.09,76.75,0.78,75.08,1.86,4.81,0.09,4.72,1.88,4.12,0.17,3.95
1/4/1981,Shree Kedar,29.58,80.43,1100,6.23,2.97,4.9,11.19,12.66,1.48,4.64,66.06,3.02,81.97,1.82,4.33,0.32,4.02,1.9,3.74,0.38,3.36
1/4/1981,Lekhgau,29.58,81.0,2696,1.42,-0.91,0.69,11.55,8.42,-3.13,4.09,76.75,0.78,75.08,1.86,4.81,0.09,4.72,1.88,4.12,0.17,3.95
1/4/1981,Rugin,29.58,81.72,2525,-0.82,-2.75,-1.06,11.18,6.28,-4.91,3.78,80.5,0.61,71.65,1.83,4.23,0.84,3.4,1.84,3.49,0.68,2.81
1/4/1981,Nwali,29.6,80.4,1505,6.23,2.97,4.9,11.19,12.66,1.48,4.64,66.06,3.02,81.97,1.82,4.33,0.32,4.02,1.9,3.74,0.38,3.36
1/4/1981,Talkot,29.6,81.32,2029,1.42,-0.91,0.69,11.55,8.42,-3.13,4.09,76.75,0.78,75.08,1.86,4.81,0.09,4.72,1.88,4.12,0.17,3.95
1/4/1981,Sharmauli,29.63,80.48,900,6.23,2.97,4.9,11.19,12.66,1.48,4.64,66.06,3.02,81.97,1.82,4.33,0.32,4.02,1.9,3.74,0.38,3.36
1/4/1981,Dilasaini,29.63,80.58,1419,6.23,2.97,4.9,11.19,12.66,1.48,4.64,66.06,3.02,81.97,1.82,4.33,0.32,4.02,1.9,3.74,0.38,3.36
1/4/1981,Bichya,29.63,81.67,1766,-0.82,-2.75,-1.06,11.18,6.28,-4.91,3.78,80.5,0.61,71.65,1.83,4.23,0.84,3.4,1.84,3.49,0.68,2.81
1/4/1981,Surma,29.65,81.07,2686,1.42,-0.91,0.69,11.55,8.42,-3.13,4.09,76.75,0.78,75.08,1.86,4.81,0.09,4.72,1.88,4.12,0.17,3.95
1/4/1981,Pati,29.67,80.43,1162,6.23,2.97,4.9,11.19,12.66,1.48,4.64,66.06,3.02,81.97,1.82,4.33,0.32,4.02,1.9,3.74,0.38,3.36
1/4/1981,Daulichaur,29.68,81.15,3144,1.42,-0.91,0.69,11.55,8.42,-3.13,4.09,76.75,0.78,75.08,1.86,4.81,0.09,4.72,1.88,4.12,0.17,3.95
1/4/1981,Dhamena,29.68,81.25,3568,1.42,-0.91,0.69,11.55,8.42,-3.13,4.09,76.75,0.78,75.08,1.86,4.81,0.09,4.72,1.88,4.12,0.17,3.95
1/4/1981,Dadakot,29.7,80.4,1043,6.23,2.97,4.9,11.19,12.66,1.48,4.64,66.06,3.02,81.97,1.82,4.33,0.32,4.02,1.9,3.74,0.38,3.36
1/4/1981,Shankharpur,29.7,80.47,1767,6.23,2.97,4.9,11.19,12.66,1.48,4.64,66.06,3.02,81.97,1.82,4.33,0.32,4.02,1.9,3.74,0.38,3.36
1/4/1981,Dethala,29.7,80.62,1525,6.23,2.97,4.9,11.19,12.66,1.48,4.64,66.06,3.02,81.97,1.82,4.33,0.32,4.02,1.9,3.74,0.38,3.36
1/4/1981,Kando,29.7,81.33,2270,1.42,-0.91,0.69,11.55,8.42,-3.13,4.09,76.75,0.78,75.08,1.86,4.81,0.09,4.72,1.88,4.12,0.17,3.95
1/4/1981,Ranishikar,29.72,80.57,1578,6.23,2.97,4.9,11.19,12.66,1.48,4.64,66.06,3.02,81.97,1.82,4.33,0.32,4.02,1.9,3.74,0.38,3.36
1/4/1981,Seri,29.72,80.72,1413,6.23,2.97,4.9,11.19,12.66,1.48,4.64,66.06,3.02,81.97,1.82,4.33,0.32,4.02,1.9,3.74,0.38,3.36
1/4/1981,Malikarjun,29.73,80.48,1731,6.23,2.97,4.9,11.19,12.66,1.48,4.64,66.06,3.02,81.97,1.82,4.33,0.32,4.02,1.9,3.74,0.38,3.36
1/4/1981,Datu,29.75,80.38,740,-3.85,-6.79,-4.03,13.78,3.23,-10.55,2.69,71.06,1.68,68.3,2.0,4.66,0.28,4.38,1.94,3.88,0.39,3.48
1/4/1981,tapoban,29.75,80.78,2005,-3.85,-6.79,-4.03,13.78,3.23,-10.55,2.69,71.06,1.68,68.3,2.0,4.66,0.28,4.38,1.94,3.88,0.39,3.48
1/4/1981,Dhuli,29.78,81.25,2794,-10.2,-12.14,-10.22,12.78,-3.82,-16.6,2.01,78.31,0.37,59.92,2.34,5.05,0.63,4.41,2.39,4.56,0.84,3.72
1/4/1981,Api,29.8,80.55,2796,-3.85,-6.79,-4.03,13.78,3.23,-10.55,2.69,71.06,1.68,68.3,2.0,4.66,0.28,4.38,1.94,3.88,0.39,3.48
1/4/1981,Baluwa gadel School,29.8,80.8,331,-3.85,-6.79,-4.03,13.78,3.23,-10.55,2.69,71.06,1.68,68.3,2.0,4.66,0.28,4.38,1.94,3.88,0.39,3.48
1/4/1981,Eyarkot,29.82,80.68,2195,-3.85,-6.79,-4.03,13.78,3.23,-10.55,2.69,71.06,1.68,68.3,2.0,4.66,0.28,4.38,1.94,3.88,0.39,3.48
1/4/1981,Sitaula,29.83,80.77,3172,-3.85,-6.79,-4.03,13.78,3.23,-10.55,2.69,71.06,1.68,68.3,2.0,4.66,0.28,4.38,1.94,3.88,0.39,3.48
1/4/1981,Dharchula,29.85,80.53,1057,-3.85,-6.79,-4.03,13.78,3.23,-10.55,2.69,71.06,1.68,68.3,2.0,4.66,0.28,4.38,1.94,3.88,0.39,3.48
1/4/1981,Brahmadev,29.85,80.57,1839,-3.85,-6.79,-4.03,13.78,3.23,-10.55,2.69,71.06,1.68,68.3,2.0,4.66,0.28,4.38,1.94,3.88,0.39,3.48
1/4/1981,Sansera,29.88,80.68,2881,-3.85,-6.79,-4.03,13.78,3.23,-10.55,2.69,71.06,1.68,68.3,2.0,4.66,0.28,4.38,1.94,3.88,0.39,3.48
1/4/1981,Pipalchairu,29.92,80.63,2611,-3.85,-6.79,-4.03,13.78,3.23,-10.55,2.69,71.06,1.68,68.3,2.0,4.66,0.28,4.38,1.94,3.88,0.39,3.48
1/4/1981,Rapla,29.95,80.72,2334,-3.85,-6.79,-4.03,13.78,3.23,-10.55,2.69,71.06,1.68,68.3,2.0,4.66,0.28,4.38,1.94,3.88,0.39,3.48
